[
    {
        "isbn": "101",
        "title": "Think Straight",
        "author": "Darius Foroux",
        "genre": "Self-Help",
        "description": "Emphasizes changing one's thoughts to change one's life, promoting clarity and focus.",
        "published_year": 2017,
        "status": "BOOKED",
        "cover_image": "/uploads/1741190182348.jpeg"
    },
    {
        "isbn": "978-0061122415",
        "title": "The Alchemist",
        "author": "Paulo Coelho",
        "genre": "Fiction",
        "description": "A philosophical tale about a shepherd's journey to pursue his dreams.",
        "published_year": 1988,
        "status": "AVAILABLE",
        "cover_image": "/uploads/1741215440949.png"
    },
    {
        "isbn": "102",
        "title": "Do It Today",
        "author": "Darius Foroux",
        "genre": "Self-Help",
        "description": "Offers strategies to overcome procrastination and enhance productivity.",
        "published_year": 2018,
        "status": "AVAILABLE",
        "cover_image": "/uploads/1741216007725.png"
    },
    {
        "isbn": "103",
        "title": "Win Your Inner Battles",
        "author": "Darius Foroux",
        "genre": "Self-Help",
        "description": "Provides insights on conquering internal struggles to live purposefully.",
        "published_year": 2016,
        "status": "AVAILABLE",
        "cover_image": "/uploads/1741216090422.png"
    },
    {
        "isbn": "104",
        "title": "Focus on What Matters",
        "author": "Darius Foroux",
        "genre": "Philosophy, Self-Help",
        "description": "A collection of letters inspired by Stoic philosophy, addressing aspects of life such as happiness, wealth, and health.",
        "published_year": 2020,
        "status": "AVAILABLE",
        "cover_image": "/uploads/1741216240128.jpeg"
    },
    {
        "isbn": "105",
        "title": "The Road to Better Habits",
        "author": "Darius Foroux",
        "genre": "Self-Help",
        "description": "Offers a framework for transforming habits to improve life quality.",
        "published_year": 2022,
        "status": "AVAILABLE",
        "cover_image": "/uploads/1741216358240.png"
    },
    {
        "isbn": "106",
        "title": "Highly Productive Remote Work",
        "author": "Darius Foroux",
        "genre": "Business, Self-Help",
        "description": "Provides guidance on achieving high productivity while working remotely.",
        "published_year": 2020,
        "status": "AVAILABLE",
        "cover_image": "/uploads/1741216470629.jpeg"
    },
    {
        "isbn": "107",
        "title": "The Stoic Path to Wealth",
        "author": "Darius Foroux",
        "genre": "Philosophy, Finance",
        "description": "Combines ancient Stoic philosophy with modern investing practices to build wealth.",
        "published_year": 2025,
        "status": "AVAILABLE",
        "cover_image": "/uploads/1741216621370.jpeg"
    },
    {
        "isbn": "108",
        "title": "What It Takes To Be Free",
        "author": "Darius Foroux\t",
        "genre": "Self-Help\t",
        "description": "Discusses paths to personal freedom and inner peace.",
        "published_year": 2019,
        "status": "BOOKED",
        "cover_image": "/uploads/1741216721019.png"
    }
]